{
  "mean": [
    48.16516876220703,
    6.083591938018799,
    48.165077209472656,
    6.082636833190918,
    -0.00021186910453252494,
    -0.0013714239466935396
  ],
  "std": [
    0.5262588858604431,
    0.09508591890335083,
    0.5259559154510498,
    0.09483181685209274,
    0.009555567055940628,
    0.01734965480864048
  ]
}